{
	"id": "70f1a159-91e7-4153-b3d6-f5754a30f60f",
	"name": "PROD_STATUS_API",
	"values": [
		{
			"key": "CLIENT_ID",
			"value": "a68bc04f------------86df4513ff",
			"type": "secret",
			"enabled": true
		},
		{
			"key": "CLIENT_SECRET",
			"value": "p8e------------sd-OzdtFqjZeapn9_T4d",
			"type": "secret",
			"enabled": true
		},
		{
			"key": "SCOPES",
			"value": "creative_cloud, openid, additional_info.ownerOrg, AdobeID, org.read, read_organizations, additional_info.roles, gnav, additional_info.company, additional_info.projectedProductContext",
			"type": "default",
			"enabled": true
		},
		{
			"key": "IMS_URL",
			"value": "https://ims-na1.adobelogin.com/ims/token/v3",
			"type": "default",
			"enabled": true
		},
		{
			"key": "TOKEN_REFRESHES_IN",
			"value": "",
			"type": "default",
			"enabled": true
		},
		{
			"key": "ACCESS_TOKEN",
			"value": "",
			"type": "default",
			"enabled": true
		},
		{
			"key": "BASE_URL",
			"value": "https://status.adobe.io",
			"type": "default",
			"enabled": true
		},
		{
			"key": "API_KEY",
			"value": "StatusAdobeIOClient",
			"type": "secret",
			"enabled": true
		}
	],
	"_postman_variable_scope": "environment",
	"_postman_exported_at": "2023-07-18T12:37:32.703Z",
	"_postman_exported_using": "Postman/10.15.8"
}